<?xml version="1.0" encoding="UTF-8"?>
<c2c:c2cContract id="KlAwSOWXh1E0LdgB" name="UserContract" xmlns:c2c="http://pingidentity.com/2014/10/c2cContracts">
    <c2c:extendedAttributes>
        <c2c:attr name="entryUUID"/>
        <c2c:attr name="mail"/>
        <c2c:attr name="givenName"/>
        <c2c:attr name="mobile"/>
        <c2c:attr name="isMemberOf"/>
        <c2c:attr name="sn"/>
        <c2c:attr name="cn"/>
        <c2c:attr name="consent"/>
    </c2c:extendedAttributes>
</c2c:c2cContract>