<?xml version="1.0" encoding="UTF-8"?>
<met:metadataNotificationSettings xmlns:met="http://pingidentity.com/2015/01/metadata-notification">
    <met:metadataNotificationType>
        <met:urlId>vXVyadV2DmZA2sxj7kr8SKbWS</met:urlId>
        <met:notificationSent>false</met:notificationSent>
    </met:metadataNotificationType>
    <met:metadataNotificationType>
        <met:urlId>2e7edf08-9f16-4fd7-9ade-4e99fd422bb5</met:urlId>
        <met:notificationSent>false</met:notificationSent>
    </met:metadataNotificationType>
</met:metadataNotificationSettings>