<?xml version="1.0" encoding="UTF-8"?>
<con:config xmlns:con="http://www.sourceid.org/2004/05/config">
    <con:map name="adapter-selectors">
        <con:item name="2FASelector">com.pingidentity.pf.selectors.connectionset.ConnectionSetAdapterSelector</con:item>
        <con:item name="AuthNCtxSel">com.pingidentity.pf.selectors.saml.SamlAuthnContextAdapterSelector</con:item>
        <con:item name="EPDSelector">com.pingidentity.pf.selectors.oauthclient.OAuthClientAdapterSelector</con:item>
    </con:map>
</con:config>