<?xml version="1.0" encoding="UTF-8"?>
<con:config xmlns:con="http://www.sourceid.org/2004/05/config">
    <con:map name="https://meya.salesforce.com"/>
    <con:map name="https://meya.pingdemo.com"/>
    <con:map name="urn:amazon:webservices"/>
    <con:map name="https://saml.salesforce.com"/>
    <con:map name="local:pingdemo:com"/>
    <con:map name="localhost:default:entityId"/>
    <con:map name="http://pingone.com/9742da1d-a994-4dd3-9f00-8b49fa3a19de"/>
    <con:map name="meya:pingdemo:com"/>
    <con:map name="http://pingone.com/a07f4686-de84-4e85-a81d-90869f2ac587"/>
    <con:map name="https://cognito-idp.eu-central-1.amazonaws.com/eu-central-1_dmAfgfUI0"/>
    <con:map name="PingConnect"/>
    <con:map name="https://saml-epd.salesforce.com"/>
    <con:map name="https://saml-pdemfr.salesforce.com"/>
    <con:map name="http://pingone.com/89191526-c88a-4719-8248-997e12b23cd7"/>
    <con:map name="local:ping-eng:com"/>
</con:config>