<?xml version="1.0" encoding="UTF-8"?>
<con:config xmlns:con="http://www.sourceid.org/2004/05/config">
    <con:map name="IdpAuthnAdapterInstances">
        <con:item name="HTMLPingDir">com.pingidentity.adapters.htmlform.idp.HtmlFormIdpAuthnAdapter</con:item>
        <con:item name="PingID">com.pingidentity.adapters.pingid.PingIDAdapter</con:item>
        <con:item name="2FA">com.pingidentity.pf.adapters.composite.CompositeAdapter</con:item>
        <con:item name="Google">com.pingidentity.adapter.idp.google.GoogleAuthenticationAdapter</con:item>
        <con:item name="HTMLPingDirNoReg">com.pingidentity.adapters.htmlform.idp.HtmlFormIdpAuthnAdapter</con:item>
        <con:item name="HTMLFormSimplePCV">com.pingidentity.adapters.htmlform.idp.HtmlFormIdpAuthnAdapter</con:item>
        <con:item name="Consent">com.pingidentity.ps.pf.adapter.idp.TnCAdapter</con:item>
    </con:map>
    <con:map name="IdpAdapterInstanceParents">
        <con:item name="HTMLPingDirNoReg">HTMLPingDir</con:item>
    </con:map>
    <con:map name="SpAuthnAdapterInstances"/>
    <con:map name="SpAdapterInstanceParents"/>
</con:config>