<?xml version="1.0" encoding="UTF-8"?>
<con:config xmlns:con="http://www.sourceid.org/2004/05/config">
    <con:item name="EnableEmailNotification">false</con:item>
    <con:item name="EnableEmailPasswordNotification">false</con:item>
    <con:item name="EnableCertificateExpirationNotification">false</con:item>
    <con:item name="SMTPPort">2525</con:item>
    <con:item name="SSLSMTPPort">465</con:item>
    <con:item name="Timeout">30</con:item>
    <con:item name="UseSSL">false</con:item>
    <con:item name="UseTLS">false</con:item>
    <con:item name="UseDebugging">false</con:item>
    <con:item name="EnableMetadataEventNotification">false</con:item>
    <con:item name="RetryAttempts">2</con:item>
    <con:item name="RetryDelay">2</con:item>
    <con:item name="VerifyHostname">false</con:item>
    <con:item name="SmsProviderAccountId"/>
    <con:item name="SmsProviderFromNumber"/>
    <con:item name="SMTPServer">smtp.mailtrap.io</con:item>
    <con:item name="NotificationFrom">luislourenco@pingidentity.com</con:item>
    <con:item name="NotificationUser">61741c0c432950</con:item>
    <con:item name="NotificationPassword">eyJhbGciOiJkaXIiLCJlbmMiOiJBMTI4Q0JDLUhTMjU2Iiwia2lkIjoiQkY1M2tHSEZ2NiIsInZlcnNpb24iOiI5LjIuMC4xMCJ9..zTQTG3btZf0yN6tr_fbkLw.ev6cjTDacLX2qtd9WReXVQ.MfatxfT1rTQ3KjpvThWn2g</con:item>
    <con:item name="NotificationTo"/>
    <con:item name="NotificationCertificateExpirationTo"/>
    <con:item name="NotificationCertInitialEvent"/>
    <con:item name="NotificationCertFinalEvent"/>
    <con:item name="NotificationMetadataEventsTo"/>
</con:config>