<?xml version="1.0" encoding="UTF-8"?>
<con:config xmlns:con="http://www.sourceid.org/2004/05/config">
    <con:item name="DefaultActiveServerAlias">gjkvr56zutdjup6tu5uqzuxlx</con:item>
    <con:list name="ActiveServerAliases">
        <con:ListItem>9jjzgq6xrz4ore1lkdx7i5j1m</con:ListItem>
        <con:ListItem>gjkvr56zutdjup6tu5uqzuxlx</con:ListItem>
    </con:list>
    <con:item name="DefaultActiveAdminServerAlias">gjkvr56zutdjup6tu5uqzuxlx</con:item>
    <con:list name="ActiveAdminServerAliases">
        <con:ListItem>9jjzgq6xrz4ore1lkdx7i5j1m</con:ListItem>
        <con:ListItem>gjkvr56zutdjup6tu5uqzuxlx</con:ListItem>
    </con:list>
</con:config>