<?xml version="1.0" encoding="UTF-8"?>
<con:config xmlns:con="http://www.sourceid.org/2004/05/config">
    <con:item name="900171:WARN">2018-10-31</con:item>
    <con:item name="900171:GRACE">2019-01-04</con:item>
    <con:item name="1056086:WARN">2019-04-02</con:item>
    <con:item name="1165469:WARN">2019-05-09</con:item>
    <con:item name="29e60be11575a33ad81ea1c0c096cd6f:N/A:EXPIRED">29e60be11575a33ad81ea1c0c096cd6f:N/A:EXPIRED</con:item>
    <con:item name="29e60be11575a33ad81ea1c0c096cd6f:N/A:FINAL_WARN">29e60be11575a33ad81ea1c0c096cd6f:N/A:FINAL_WARN</con:item>
    <con:item name="29e60be11575a33ad81ea1c0c096cd6f:N/A:INITIAL_WARN">29e60be11575a33ad81ea1c0c096cd6f:N/A:INITIAL_WARN</con:item>
    <con:item name="1165469:VIOLATION">2019-05-13</con:item>
    <con:item name="1216777:WARN">2019-06-03</con:item>
    <con:item name="1216777:GRACE">2019-06-12</con:item>
    <con:item name="1255481:WARN">2019-06-19</con:item>
</con:config>