<?xml version="1.0" encoding="UTF-8"?>
<config xmlns="http://www.sourceid.org/2004/05/config">
    <!--Dsig keystore information: name and password-->
    <item name="DsigKeystoreName">ping-dsig.jks</item>
    <item name="DsigKeystorePassword">eyJhbGciOiJkaXIiLCJlbmMiOiJBMTI4Q0JDLUhTMjU2Iiwia2lkIjoiQkY1M2tHSEZ2NiIsInZlcnNpb24iOiI3LjIuMC4yLVNOQVBTSE9UIn0..9dXELI1xAwl6GqO79J1Q6g.wJ_mvewhi0YCJOre5XZRFJZpqPqZNI0JFTCB4k0DU1w.5vMBOnObDGxNHzYnfK6rAA</item>
    <!--Do not modify-->
    <item name="DsigKeystoreType2">default</item>
    <!--Map of Dsig keystore aliases to passwords; the system uses this map
     to open private keys for generating signatures, X509
     authentication, etc. For each item, the name of the item maps
     to the alias of a private key, and the value of the item is the
     password to that particular key.-->
    <map name="DsigPrivateKeyPasswords">
        <item name="ajrijhaata1nimo231vviponq">eyJhbGciOiJkaXIiLCJlbmMiOiJBMTI4Q0JDLUhTMjU2Iiwia2lkIjoiQkY1M2tHSEZ2NiIsInZlcnNpb24iOiI4LjQuMC40LVNOQVBTSE9UIn0..xGf3w9gerP7N85Sx2Qn1sA.1ukwhcyhWTbRA8G4ziFCwQ.P0_7VNFJaJwaLlQ1YmIf3A</item>
        <item name="0xkaeb8slrmphn359naohh2iy">eyJhbGciOiJkaXIiLCJlbmMiOiJBMTI4Q0JDLUhTMjU2Iiwia2lkIjoiQkY1M2tHSEZ2NiIsInZlcnNpb24iOiI5LjIuMC4xMCJ9..lFVeYY6VGx7zeXyNwL-DFg.vsor-5-_hBlxZZx5YP28BakDIq9BwFTqdtJyVxPTcvE.6IWw0m9j92OMA9lBOWs5iQ</item>
        <item name="foe9vl866690yugklhhi50si7">eyJhbGciOiJkaXIiLCJlbmMiOiJBMTI4Q0JDLUhTMjU2Iiwia2lkIjoiQkY1M2tHSEZ2NiIsInZlcnNpb24iOiI5LjIuMC4xMCJ9..mVdVZI93gDVoV0RnezQ-Tw.1wQqQVItN_-a-laOwUbx0yiCZnSnTHiVbFMmJ8BRUnE.GpEvy1ehrLWcWlsllIej-Q</item>
        <item name="kry3vegxrkrsgmd7d4lcv72mo">eyJhbGciOiJkaXIiLCJlbmMiOiJBMTI4Q0JDLUhTMjU2Iiwia2lkIjoiQkY1M2tHSEZ2NiIsInZlcnNpb24iOiI5LjIuMC4xMCJ9..ZoKLsJtyxP5EG171f70_gA.0NszuDMTOvP6QmnKssfukMYWy14sRlCblAgXHLY_M8E.L7dy7T4tZ1jgfnrJ7qIPew</item>
    </map>
    <!--DSIG HSM Keystore information: name and password-->
    <!--Map of Dsig keystore aliases to passwords; the system uses this map
     to open private keys for generating signatures, X509
     authentication, etc. For each item, the name of the item maps
     to the alias of a private key and the value of the item is the
     password to that particular key-->
    <!--SSL Keystore information: name and password-->
    <item name="SslKeystoreName">ping-ssl.jks</item>
    <item name="SslKeystorePassword">eyJhbGciOiJkaXIiLCJlbmMiOiJBMTI4Q0JDLUhTMjU2Iiwia2lkIjoiQkY1M2tHSEZ2NiIsInZlcnNpb24iOiI3LjIuMC4yLVNOQVBTSE9UIn0..YfXnWd8KnrpUvM4ZM5VbVw.3Wd_XKUKGFr2-hUoWRsnIbpLtL1GQGPuBnQ98MAHAjg.SoMEt8WRC14xWuga4AwYEA</item>
    <!--Do not modify-->
    <item name="SslKeystoreType2">default</item>
    <!--Map of SSL client auth keystore aliases to passwords; the system uses this map
     to open private keys for generating signatures, X509
     authentication, etc. For each item, the name of the item maps
     to the alias of a private key and the value of the item is the
     password to that particular key-->
    <map name="SslPrivateKeyPasswords"/>
    <!--SSL HSM Keystore information: name and password-->
    <!--Do not modify-->
    <!--Map of SSL client auth keystore aliases to passwords; the system uses this map
     to open private keys for generating signatures, X509
     authentication, etc. For each item, the name of the item maps
     to the alias of a private key and the value of the item is the
     password to that particular key-->
    <!--SSL Server Keystore information: name and password-->
    <item name="SslServerKeystoreName">ping-ssl-server.jks</item>
    <item name="SslServerKeystorePassword">eyJhbGciOiJkaXIiLCJlbmMiOiJBMTI4Q0JDLUhTMjU2Iiwia2lkIjoiQkY1M2tHSEZ2NiIsInZlcnNpb24iOiI3LjIuMC4yLVNOQVBTSE9UIn0..0I3mTNXdcQJW5CvcJ7JXzQ.htGbvdhHtgH4W3-kwtVCF7Npr5KpfS9huCD_bBXcKGA.Mcy_g8iBBSPzjVZKbYap2Q</item>
    <!--Do not modify-->
    <item name="SslServerKeystoreType2">default</item>
    <!--Map of SSL Server keystore aliases to passwords; the system uses this map
         to open private keys for generating signatures, X509
         authentication, etc. For each item, the name of the item maps
         to the alias of a private key and the value of the item is the
         password to that particular key-->
    <map name="SslServerPrivateKeyPasswords">
        <item name="gjkvr56zutdjup6tu5uqzuxlx">eyJhbGciOiJkaXIiLCJlbmMiOiJBMTI4Q0JDLUhTMjU2Iiwia2lkIjoiQkY1M2tHSEZ2NiIsInZlcnNpb24iOiI5LjEuMi4wIn0..LGqtkE7xbvJzunc76Khhsg.YrSWerc5owHDEeRq3FpmtQTaTdWrGV1aMkzG33jfnOg.s6o7MXbDJexn4rkmF5rb1g</item>
        <item name="6uqpj3hmx4usbvy1qkhi5563z">eyJhbGciOiJkaXIiLCJlbmMiOiJBMTI4Q0JDLUhTMjU2Iiwia2lkIjoiQkY1M2tHSEZ2NiIsInZlcnNpb24iOiI4LjQuMC40LVNOQVBTSE9UIn0..5_BpE3EDUlt5MRSSMZbvSg.1_Khe2wt9EvR2K8pMFwdEw.FxH9fKQ-hAQeSW2uFzg20Q</item>
        <item name="9jjzgq6xrz4ore1lkdx7i5j1m">eyJhbGciOiJkaXIiLCJlbmMiOiJBMTI4Q0JDLUhTMjU2Iiwia2lkIjoiQkY1M2tHSEZ2NiIsInZlcnNpb24iOiI5LjIuMC4xMCJ9..oym7b-aMqFUfLFf7woLPEg.rz_2HsdLHfb4ClmUJg_vu-Gq-vN9kIqhYeFaoCG9jrQ.QhYTH02X-5ZyDpwoatevGg</item>
    </map>
    <!--SSL HSM Server Keystore information: name and password-->
    <!--Do not modify-->
    <!--Map of SSL Server keystore aliases to passwords; the system uses this map
         to open private keys for generating signatures, X509
         authentication, etc. For each item, the name of the item maps
         to the alias of a private key and the value of the item is the
         password to that particular key-->
    <!--Truststore Keystore information: name and password-->
    <item name="TrustKeystoreName">ping-trust.jks</item>
    <item name="TrustKeystorePassword">eyJhbGciOiJkaXIiLCJlbmMiOiJBMTI4Q0JDLUhTMjU2Iiwia2lkIjoiQkY1M2tHSEZ2NiIsInZlcnNpb24iOiI3LjIuMC4yLVNOQVBTSE9UIn0..i1GagqP66J7iEcOJJyhOBA.EDwv9H_7XCoNpJRi6nomAZh2Ug6veGQOM8Y29TFJRiA.AaI3ZVUQ_RHlhPu-YQ-IQA</item>
    <!--You can specify a key store type here. Available keystore types are
          JKS     - Java Keystore
          nCipher.sworld - nCipher keystore
          default - let the system select a keystore type for you. For Luna HSM 6, JKS is used.
                    For nCipher, nCipher.sworld is used. Otherwise, JKS is used-->
    <item name="TrustKeystoreType2">default</item>
    <!--Truststore HSM Keystore information: name and password-->
    <!--You can specify a key store type here. Available keystore types are
          JKS     - Java Keystore
          nCipher.sworld - nCipher keystore
          default - let the system select a keystore type for you. For Luna HSM 6, JKS is used.
                    For nCipher, nCipher.sworld is used. Otherwise, JKS is used-->
    <!--General keystore information: name and password-->
    <item name="GeneralKeystorePassword">eyJhbGciOiJkaXIiLCJlbmMiOiJBMTI4Q0JDLUhTMjU2Iiwia2lkIjoiQkY1M2tHSEZ2NiIsInZlcnNpb24iOiI5LjEuMi4wIn0..R8J6RrZm8f90YX9aPMnZBQ.vtYWgXg3I5W4Qr_ofQkeQgX6if7MomWhpB3o2HVxNJY.Tys1UK7PMVqw5fkUrp9xHw</item>
    <!--Do not modify-->
    <!--Map of General keystore aliases to passwords; the system uses this map
     to open private keys for generating signatures, X509
     authentication, etc. For each item, the name of the item maps
     to the alias of a private key, and the value of the item is the
     password to that particular key.-->
    <map name="GeneralPrivateKeyPasswords">
        <item name="y5soipursm203hfjzkuyj6270">eyJhbGciOiJkaXIiLCJlbmMiOiJBMTI4Q0JDLUhTMjU2Iiwia2lkIjoiQkY1M2tHSEZ2NiIsInZlcnNpb24iOiI5LjIuMC4xMCJ9..IHyQgi59IwExzeefK36Y4w.p-qpibD7VSDa91SocQ83JGZsiWk1Ij4Xg4eSUQrLpUM.jZkDpb4yFCykrnEVF_8kuA</item>
    </map>
    <!--General HSM keystore information: name and password-->
    <!--Do not modify-->
    <!--Map of General keystore aliases to passwords; the system uses this map
     to open private keys for generating signatures, X509
     authentication, etc. For each item, the name of the item maps
     to the alias of a private key, and the value of the item is the
     password to that particular key.-->
    <item name="SslPublicKeystoreName">ping-ssl-cert.jks</item>
    <item name="DsigPublicKeystoreName">ping-dsig-cert.jks</item>
    <item name="DsigPublicKeystorePassword"/>
    <item name="SslPublicKeystoreType2">default</item>
    <item name="DsigPublicKeystoreType2">default</item>
    <item name="SslPublicKeystorePassword"/>
</config>