<?xml version="1.0" encoding="UTF-8"?>
<con:config xmlns:con="http://www.sourceid.org/2004/05/config">
    <con:item name="AutoCreateCertOnEngineNode">true</con:item>
    <con:list name="ActiveAdminServerAliases">
        <con:ListItem>b6wdfz0ai3zz3oqzur9atkxvd</con:ListItem>
        <con:ListItem>p2ykhv5r7p0378us7x1w98755</con:ListItem>
    </con:list>
    <con:list name="ActiveServerAliases">
        <con:ListItem>b6wdfz0ai3zz3oqzur9atkxvd</con:ListItem>
        <con:ListItem>p2ykhv5r7p0378us7x1w98755</con:ListItem>
    </con:list>
    <con:item name="DefaultActiveServerAlias">p2ykhv5r7p0378us7x1w98755</con:item>
    <con:item name="DefaultActiveAdminServerAlias">p2ykhv5r7p0378us7x1w98755</con:item>
</con:config>