<?xml version="1.0" encoding="UTF-8"?>
<con:config xmlns:con="http://www.sourceid.org/2004/05/config">
    <con:item name="Associated">true</con:item>
    <con:item name="ApplicationDockEndpoint">https://desktop.pingone.com/cd-1054249441.pingidentity</con:item>
    <con:item name="ProvisioningBaseUrl">https://scim.connect.pingidentity.com/prov-service</con:item>
    <con:item name="KeyPairAlias">y5soipursm203hfjzkuyj6270</con:item>
    <con:item name="ClientId">de15097f-e76d-42ac-aa66-15b6b74ce29d</con:item>
    <con:item name="AccountId">89191526-c88a-4719-8248-997e12b23cd7</con:item>
    <con:item name="CompanyName">luislourenco+demope@pingidentity.com</con:item>
</con:config>