<?xml version="1.0" encoding="UTF-8"?>
<urn:Clients xmlns:urn="urn:pingidentity.com:pf:oauth:client">
    <urn:Client client_id="pingdirectory" name="PingDirectory Server" logo="" secret="uTZNik6kJxozEIvOcAWOP7AEP9TRItuwaTs_Za7JV34.Z4I9nmiO.2" persistentGrantExpirationTime="0" enabled="true" lastModified="2018-12-10T13:00:29.926+01:00" bypassApprovalPage="false" restrictScopes="false" jwksUri="" jwks="" clientAuthnType="SECRET" enforceOneTimeJWT="false" isRequireSignedRequest="false">
        <urn:Description/>
        <urn:Grant type="urn:pingidentity.com:oauth2:grant_type:validate_bearer"/>
        <urn:SupplementalInfo key="ACCESS_SESSION_REVOCATION_API" value="false"/>
        <urn:SupplementalInfo key="ALLOW_EXCLUSIVE_SCOPES" value="false"/>
        <urn:SupplementalInfo key="VALIDATE_USING_ALL_ELIGIBLE_ATMS" value="false"/>
        <urn:SupplementalInfo key="ENABLED" value="true"/>
        <urn:SupplementalInfo key="DEFAULT_ATM_ID" value="PingDirDelAdm"/>
        <urn:SupplementalInfo key="vnd.ping.policy_group_id" value="PingDirDelAdmPolicy"/>
        <urn:SupplementalInfo key="PING_ACCESS_LOGOUT_CAPABLE" value="false"/>
        <urn:SupplementalInfo key="RESTRICT_RESPONSE_TYPES" value="false"/>
    </urn:Client>
</urn:Clients>