<?xml version="1.0" encoding="UTF-8"?>
<loc:localIdentity profileId="tkuSxWznL8J6VVzG" profileName="UserProfile" contractId="KlAwSOWXh1E0LdgB" profileEnabled="true" registrationEnabled="true" xmlns:loc="http://pingidentity.com/2017/07/localIdentity">
    <loc:auth-sources>
        <loc:auth-source id="kjw3t54UKiBGWwP8" name="Google">
            <loc:update-policy attributeStorageEnabled="true" retainAttributes="false" updateAttributes="true" updateInterval="1.0"/>
        </loc:auth-source>
    </loc:auth-sources>
    <loc:fields maskOgnlValues="false">
        <loc:field type="TEXT" default-value="" id="username" label="Username">
            <loc:appliesTo profile="false" registration="true"/>
            <loc:parameter param-name="Read-Only" value="false"/>
            <loc:parameter param-name="Required" value="true"/>
            <loc:parameter param-name="Unique ID Field" value="true"/>
            <loc:parameter param-name="Mask Log Values" value="false"/>
        </loc:field>
        <loc:field type="HIDDEN" default-value="" id="consent" label="consent">
            <loc:appliesTo profile="false" registration="true"/>
            <loc:parameter param-name="Unique ID Field" value="false"/>
            <loc:parameter param-name="Mask Log Values" value="false"/>
        </loc:field>
        <loc:field type="TEXT" default-value="" id="givenName" label="First Name">
            <loc:appliesTo profile="true" registration="true"/>
            <loc:parameter param-name="Read-Only" value="false"/>
            <loc:parameter param-name="Required" value="true"/>
            <loc:parameter param-name="Unique ID Field" value="false"/>
            <loc:parameter param-name="Mask Log Values" value="false"/>
        </loc:field>
        <loc:field type="TEXT" default-value="" id="sn" label="Last Name">
            <loc:appliesTo profile="true" registration="true"/>
            <loc:parameter param-name="Read-Only" value="false"/>
            <loc:parameter param-name="Required" value="true"/>
            <loc:parameter param-name="Unique ID Field" value="false"/>
            <loc:parameter param-name="Mask Log Values" value="false"/>
        </loc:field>
        <loc:field type="EMAIL" default-value="" id="mail" label="E-Mail Address">
            <loc:appliesTo profile="true" registration="true"/>
            <loc:parameter param-name="Read-Only" value="false"/>
            <loc:parameter param-name="Required" value="true"/>
            <loc:parameter param-name="Unique ID Field" value="false"/>
            <loc:parameter param-name="Mask Log Values" value="false"/>
        </loc:field>
        <loc:field type="PHONE" default-value="" id="mobile" label="Mobile Phone">
            <loc:appliesTo profile="true" registration="true"/>
            <loc:parameter param-name="Read-Only" value="false"/>
            <loc:parameter param-name="Required" value="false"/>
            <loc:parameter param-name="Unique ID Field" value="false"/>
            <loc:parameter param-name="Mask Log Values" value="false"/>
        </loc:field>
        <loc:field type="HIDDEN" default-value="" id="entryUUID" label="entryUUID">
            <loc:appliesTo profile="false" registration="false"/>
            <loc:parameter param-name="Unique ID Field" value="false"/>
            <loc:parameter param-name="Mask Log Values" value="false"/>
        </loc:field>
        <loc:field type="HIDDEN" default-value="" id="isMemberOf" label="isMemberOf">
            <loc:appliesTo profile="false" registration="false"/>
            <loc:parameter param-name="Unique ID Field" value="false"/>
            <loc:parameter param-name="Mask Log Values" value="false"/>
        </loc:field>
        <loc:field type="HIDDEN" default-value="" id="mailVerified" label="mailVerified">
            <loc:appliesTo profile="false" registration="false"/>
            <loc:parameter param-name="Unique ID Field" value="false"/>
            <loc:parameter param-name="Mask Log Values" value="false"/>
        </loc:field>
    </loc:fields>
    <loc:email-verification-config emailVerificationEnabled="true" verifyEmailTemplateName="message-template-email-ownership-verification.html" emailVerificationSentTemplateName="local.identity.email.verification.sent.html" emailVerificationSuccessTemplateName="local.identity.email.verification.success.html" emailVerificationErrorTemplateName="local.identity.email.verification.error.html" otlTimeToLive="1440" verificationEmailField="mail" verificationStatusField="mailVerified"/>
    <loc:registration-config captchaEnabled="false" templateName="local.identity.registration.html"/>
    <loc:profile-config templateName="local.identity.profile.html" deleteIdentityEnabled="true"/>
    <loc:datastore-mapping>
        <loc:DataSource Description="" Type="LDAP" DataSourceId="LDAP-A25479BFB394A3E8A840BDA7717D037B5CAD27D3">
            <urn:Parameter Name="create_pattern" Value="cn=${username}" xmlns:urn="urn:sourceid.org:saml2:metadata-extension:v2"/>
            <urn:Parameter Name="search_base" Value="ou=People,dc=local,dc=pingdemo,dc=com" xmlns:urn="urn:sourceid.org:saml2:metadata-extension:v2"/>
            <urn:Parameter Name="search_scope" Value="ONELEVEL_SCOPE" xmlns:urn="urn:sourceid.org:saml2:metadata-extension:v2"/>
            <urn:Parameter Name="object_class" Value="inetOrgPerson" xmlns:urn="urn:sourceid.org:saml2:metadata-extension:v2"/>
        </loc:DataSource>
        <loc:Attribute fieldName="entryUUID" datastore-field="entryUUID"/>
        <loc:Attribute fieldName="mail" datastore-field="mail"/>
        <loc:Attribute fieldName="givenName" datastore-field="givenName"/>
        <loc:Attribute fieldName="mobile" datastore-field="mobile"/>
        <loc:Attribute fieldName="isMemberOf" datastore-field="isMemberOf"/>
        <loc:Attribute fieldName="sn" datastore-field="sn"/>
        <loc:Attribute fieldName="consent" datastore-field="carLicense"/>
        <loc:Attribute fieldName="mailVerified" datastore-field="description"/>
        <loc:Attribute fieldName="username" datastore-field="cn"/>
    </loc:datastore-mapping>
</loc:localIdentity>