<?xml version="1.0" encoding="UTF-8"?>
<urn:AdapterConfiguration authnCtxClassRef="" isInheritAttributeSettings="false" isInheritAttributeMapping="false" maskOgnlValues="false" isInheritExtendedContractAttributes="false" name="2FA" xmlns:urn="urn:sourceid.org:saml2:adapter:conf">
    <urn:Fields>
        <urn:Field name="Attribute Insertion">Add To Back</urn:Field>
    </urn:Fields>
    <urn:AdvancedFields/>
    <urn:Tables>
        <urn:Table name="Adapters">
            <urn:Row>
                <urn:Field name="Adapter Instance">HTMLPingDirNoReg</urn:Field>
                <urn:Field name="Policy">Required</urn:Field>
                <urn:Field name="AuthN Context Weight">3</urn:Field>
                <urn:Field name="AuthN Context Override"/>
            </urn:Row>
            <urn:Row>
                <urn:Field name="Adapter Instance">PingID</urn:Field>
                <urn:Field name="Policy">Required</urn:Field>
                <urn:Field name="AuthN Context Weight">3</urn:Field>
                <urn:Field name="AuthN Context Override">MFA</urn:Field>
            </urn:Row>
        </urn:Table>
        <urn:Table name="Input User Id Mapping">
            <urn:Row>
                <urn:Field name="Target Adapter">HTMLPingDirNoReg</urn:Field>
                <urn:Field name="User Id Selection">username</urn:Field>
            </urn:Row>
            <urn:Row>
                <urn:Field name="Target Adapter">PingID</urn:Field>
                <urn:Field name="User Id Selection">username</urn:Field>
            </urn:Row>
        </urn:Table>
        <urn:Table name="Attribute Name Synonyms">
            <urn:Row>
                <urn:Field name="Name">subject</urn:Field>
                <urn:Field name="Synonym">username</urn:Field>
            </urn:Row>
        </urn:Table>
    </urn:Tables>
    <urn:ExtendedContractAttributes>
        <urn:AttributeName>entryUUID</urn:AttributeName>
        <urn:AttributeName>mail</urn:AttributeName>
        <urn:AttributeName>givenName</urn:AttributeName>
        <urn:AttributeName>mobile</urn:AttributeName>
        <urn:AttributeName>isMemberOf</urn:AttributeName>
        <urn:AttributeName>sn</urn:AttributeName>
        <urn:AttributeName>username</urn:AttributeName>
    </urn:ExtendedContractAttributes>
    <urn:UniqueKeyField>username</urn:UniqueKeyField>
    <urn:AttributeMapping>
        <urn1:AttributeMap Name="entryUUID" Type="Adapter" Value="entryUUID" xmlns:urn1="urn:sourceid.org:saml2:metadata-extension:v2"/>
        <urn1:AttributeMap Name="mail" Type="Adapter" Value="mail" xmlns:urn1="urn:sourceid.org:saml2:metadata-extension:v2"/>
        <urn1:AttributeMap Name="givenName" Type="Adapter" Value="givenName" xmlns:urn1="urn:sourceid.org:saml2:metadata-extension:v2"/>
        <urn1:AttributeMap Name="mobile" Type="Adapter" Value="mobile" xmlns:urn1="urn:sourceid.org:saml2:metadata-extension:v2"/>
        <urn1:AttributeMap Name="isMemberOf" Type="Adapter" Value="isMemberOf" xmlns:urn1="urn:sourceid.org:saml2:metadata-extension:v2"/>
        <urn1:AttributeMap Name="sn" Type="Adapter" Value="sn" xmlns:urn1="urn:sourceid.org:saml2:metadata-extension:v2"/>
        <urn1:AttributeMap Name="username" Type="Adapter" Value="username" xmlns:urn1="urn:sourceid.org:saml2:metadata-extension:v2"/>
        <urn1:TokenAuthorizationIssuanceCriteria xmlns:urn1="urn:sourceid.org:saml2:metadata-extension:v2"/>
    </urn:AttributeMapping>
</urn:AdapterConfiguration>