<?xml version="1.0" encoding="UTF-8"?>
<urn:AdapterConfiguration authnCtxClassRef="" isInheritAttributeSettings="false" isInheritAttributeMapping="false" maskOgnlValues="false" isInheritExtendedContractAttributes="false" name="Consent" xmlns:urn="urn:sourceid.org:saml2:adapter:conf">
    <urn:Fields>
        <urn:Field name="Consent API Base URL">https://local.ping-eng.com:8443</urn:Field>
        <urn:Field name="Consent API Endpoint">/consent/v1/consents</urn:Field>
        <urn:Field name="Consent Definition API Endpoint">/consent/v1/definitions</urn:Field>
        <urn:Field name="Consent API Service Account">cn=consent service account</urn:Field>
        <urn:Field name="Consent API Service Account Password">eyJhbGciOiJkaXIiLCJlbmMiOiJBMTI4Q0JDLUhTMjU2Iiwia2lkIjoiQkY1M2tHSEZ2NiIsInZlcnNpb24iOiI5LjIuMC4xMCJ9..54iGOllPeXHu_IrkMCDW3w.WR371Q2uMLHCBnBa6esK3w.32h91XJ-41Nzxeb9UqkZgg</urn:Field>
        <urn:Field name="Consent Definition ID for this Adapter">TnC</urn:Field>
        <urn:Field name="Terms &amp; Conditions Template">tnc.template.html</urn:Field>
        <urn:Field name="Initial consent attribute">carLicense</urn:Field>
        <urn:Field name="Terms &amp; Conditions Error Template">tncerror.template.html</urn:Field>
    </urn:Fields>
    <urn:AdvancedFields/>
    <urn:Tables/>
    <urn:ExtendedContractAttributes/>
    <urn:UniqueKeyField>username</urn:UniqueKeyField>
    <urn:AttributeMapping>
        <urn1:AttributeMap Name="consent" Type="Adapter" Value="consent" xmlns:urn1="urn:sourceid.org:saml2:metadata-extension:v2"/>
        <urn1:AttributeMap Name="username" Type="Adapter" Value="username" xmlns:urn1="urn:sourceid.org:saml2:metadata-extension:v2"/>
        <urn1:TokenAuthorizationIssuanceCriteria xmlns:urn1="urn:sourceid.org:saml2:metadata-extension:v2"/>
    </urn:AttributeMapping>
</urn:AdapterConfiguration>