<?xml version="1.0" encoding="UTF-8"?>
<urn:AdapterConfiguration authnCtxClassRef="" isInheritAttributeSettings="false" isInheritAttributeMapping="false" maskOgnlValues="false" isInheritExtendedContractAttributes="false" name="Google" xmlns:urn="urn:sourceid.org:saml2:adapter:conf">
    <urn:Fields>
        <urn:Field name="Attribute Retrieval">1</urn:Field>
        <urn:Field name="Client ID">eyJhbGciOiJkaXIiLCJlbmMiOiJBMTI4Q0JDLUhTMjU2Iiwia2lkIjoiQkY1M2tHSEZ2NiIsInZlcnNpb24iOiI5LjIuMC4xMCJ9..vSMt28niRzCOhBlkVXfyJg.MNrrQVOlZK7ajah50JE74GFBOqXOdtUjPJVogZOR4-yXbARnPPn2Z9cGhWRim59vABJPvawx6MsGs_EWtHlDOuC8kt0-WrEL2AriCyxbwIY.-rtrfpHMHq63DFa5nTVr3g</urn:Field>
        <urn:Field name="Client Secret">eyJhbGciOiJkaXIiLCJlbmMiOiJBMTI4Q0JDLUhTMjU2Iiwia2lkIjoiQkY1M2tHSEZ2NiIsInZlcnNpb24iOiI5LjIuMC4xMCJ9..ZeiCFuvrRVF3Nnuaw6iHsw.8VnRbN_RT6NcLCZqQOy3Chr80Eq_ryXXnwA0PHqPesE.FBYGFz9G_ATWqCrcgEKd3A</urn:Field>
        <urn:Field name="Refresh Token"/>
        <urn:Field name="PingFederate Base URL">https://local.ping-eng.com:9031</urn:Field>
        <urn:Field name="Error Redirect URL"/>
        <urn:Field name="Unauthorized Redirect URL"/>
        <urn:Field name="Authentication URL">https://accounts.google.com/o/oauth2/auth</urn:Field>
        <urn:Field name="Access Token URL">https://accounts.google.com/o/oauth2/token</urn:Field>
        <urn:Field name="Logout URL">https://accounts.google.com/Logout?hl=en</urn:Field>
        <urn:Field name="Basic Profile Data URL">https://www.googleapis.com/plus/v1/people/me/openIdConnect</urn:Field>
        <urn:Field name="Extended Profile Data URL">https://www.googleapis.com/admin/directory/v1/users</urn:Field>
        <urn:Field name="Certificate URL">https://www.googleapis.com/oauth2/v3/certs</urn:Field>
        <urn:Field name="Retry Request">false</urn:Field>
        <urn:Field name="Maximum Retries Limit">5</urn:Field>
        <urn:Field name="Retry Error Codes">403,503</urn:Field>
        <urn:Field name="Require Form Adapter Cancellation">false</urn:Field>
    </urn:Fields>
    <urn:AdvancedFields>
        <urn:Field name="Authentication URL">https://accounts.google.com/o/oauth2/auth</urn:Field>
        <urn:Field name="Access Token URL">https://accounts.google.com/o/oauth2/token</urn:Field>
        <urn:Field name="Logout URL">https://accounts.google.com/Logout?hl=en</urn:Field>
        <urn:Field name="Basic Profile Data URL">https://www.googleapis.com/plus/v1/people/me/openIdConnect</urn:Field>
        <urn:Field name="Extended Profile Data URL">https://www.googleapis.com/admin/directory/v1/users</urn:Field>
        <urn:Field name="Certificate URL">https://www.googleapis.com/oauth2/v3/certs</urn:Field>
        <urn:Field name="Retry Request">false</urn:Field>
        <urn:Field name="Maximum Retries Limit">5</urn:Field>
        <urn:Field name="Retry Error Codes">403,503</urn:Field>
        <urn:Field name="Require Form Adapter Cancellation">false</urn:Field>
    </urn:AdvancedFields>
    <urn:Tables/>
    <urn:ExtendedContractAttributes>
        <urn:AttributeName>sub</urn:AttributeName>
        <urn:AttributeName>given_name</urn:AttributeName>
        <urn:AttributeName>family_name</urn:AttributeName>
    </urn:ExtendedContractAttributes>
    <urn:UniqueKeyField>sub</urn:UniqueKeyField>
    <urn:AttributeMapping>
        <urn1:AttributeMap Name="sub" Type="Adapter" Value="sub" xmlns:urn1="urn:sourceid.org:saml2:metadata-extension:v2"/>
        <urn1:AttributeMap Name="given_name" Type="Adapter" Value="given_name" xmlns:urn1="urn:sourceid.org:saml2:metadata-extension:v2"/>
        <urn1:AttributeMap Name="family_name" Type="Adapter" Value="family_name" xmlns:urn1="urn:sourceid.org:saml2:metadata-extension:v2"/>
        <urn1:AttributeMap Name="email" Type="Adapter" Value="email" xmlns:urn1="urn:sourceid.org:saml2:metadata-extension:v2"/>
        <urn1:TokenAuthorizationIssuanceCriteria xmlns:urn1="urn:sourceid.org:saml2:metadata-extension:v2"/>
    </urn:AttributeMapping>
</urn:AdapterConfiguration>