<?xml version="1.0" encoding="UTF-8"?>
<urn:AdapterConfiguration authnCtxClassRef="" isInheritAttributeSettings="true" isInheritAttributeMapping="true" isInheritExtendedContractAttributes="true" name="HTMLPingDirNoReg" xmlns:urn="urn:sourceid.org:saml2:adapter:conf">
    <urn:Fields>
        <urn:Field name="Enable 'This is My Device'"/>
        <urn:Field name="Local Identity Profile"/>
        <urn:Field name="'This is My Device' Lifetime">30</urn:Field>
    </urn:Fields>
    <urn:AdvancedFields>
        <urn:Field name="'This is My Device' Lifetime">30</urn:Field>
    </urn:AdvancedFields>
    <urn:Tables/>
</urn:AdapterConfiguration>