<?xml version="1.0" encoding="UTF-8"?>
<sk:systemKeys xmlns:sk="http://pingidentity.com/2018/01/system-keys">
    <sk:currentKey>
        <sk:key>eyJhbGciOiJkaXIiLCJlbmMiOiJBMTI4Q0JDLUhTMjU2Iiwia2lkIjoiQkY1M2tHSEZ2NiIsInZlcnNpb24iOiI5LjEuMi4wIiwiemlwIjoiREVGIn0..ESY4jta-zWJU0hbn3gXgXQ.YSilu2Ya8I2yXN639_A1J7oB0GD0DYHQc67cOI4uRAE_FK-oIOX1Zk0zAlORHin7.PqIP6yLFDfFzjZv2SfnOkg</sk:key>
        <sk:generatedTime>2018-09-27T12:11:21.447+02:00</sk:generatedTime>
    </sk:currentKey>
    <sk:previousKey xsi:nil="true" xmlns:xsi="http://www.w3.org/2001/XMLSchema-instance"/>
    <sk:pendingKey>
        <sk:key>eyJhbGciOiJkaXIiLCJlbmMiOiJBMTI4Q0JDLUhTMjU2Iiwia2lkIjoiQkY1M2tHSEZ2NiIsInZlcnNpb24iOiI5LjEuMi4wIiwiemlwIjoiREVGIn0..Nq-RsKgY_cH8rRd-DqlP0Q.irXLtu_cyK_F-XApikVrdYlHVs6kUo1yBEtuS8NgPmLhRSp1VgRlk59ihZzUFgYd.bBaFEjt1i0lgjI4WK7gD2w</sk:key>
        <sk:generatedTime>2018-09-27T12:11:21.447+02:00</sk:generatedTime>
    </sk:pendingKey>
</sk:systemKeys>