<?xml version="1.0" encoding="UTF-8"?>
<ldap:ldap-sources xmlns:ldap="http://pingidentity.com/2004/09/ldap-ds">
    <ldap:ldap-source id="LDAP-A25479BFB394A3E8A840BDA7717D037B5CAD27D3" maskAttributeValues="false" ldapType="PingDirectory" ldapTypeDesc="PingDirectory" testOnBorrow="false" testOnReturn="false" createIfNecessary="true" minIdle="10" maxActive="100" maxWait="-1" timeBetweenEvictionRunsMillis="60000" readTimeoutMillis="3000" connTimeoutMillis="3000" verifyHost="true" dnsTtlMillis="60000" ldapDnsSrvPrefix="_ldap._tcp" ldapsDnsSrvPrefix="_ldaps._tcp">
        <ldap:host>local.ping-eng.com:1389</ldap:host>
        <ldap:principal>uid=admin,dc=local,dc=pingdemo,dc=com</ldap:principal>
        <ldap:use-ssl>false</ldap:use-ssl>
        <ldap:use-dns-srv-records>false</ldap:use-dns-srv-records>
        <ldap:credentials>eyJhbGciOiJkaXIiLCJlbmMiOiJBMTI4Q0JDLUhTMjU2Iiwia2lkIjoiQkY1M2tHSEZ2NiIsInZlcnNpb24iOiI5LjIuMC4xMCJ9..rh195Kg1o01us_WYLmVlTA.j01nIe-QImpmOQTs68YVcA.akI5J4NxKs_4Ck72QnIjwg</ldap:credentials>
        <ldap:authenticationMeth>simple</ldap:authenticationMeth>
        <ldap:description>local.ping-eng.com:1389 (uid=admin,dc=local,dc=pingdemo,dc=com)</ldap:description>
        <ldap:name>local.ping-eng.com:1389 (uid=admin,dc=local,dc=pingdemo,dc=com)</ldap:name>
        <ldap:binaryAttributes/>
    </ldap:ldap-source>
</ldap:ldap-sources>