<?xml version="1.0" encoding="UTF-8"?>
<urn:AuthnSelectionConfig lastModifiedMillis="1559813824990" enableAuthnSelection="true" enableSpAuthnSelection="false" failIfNoSelection="true" xmlns:urn="urn:pingidentity.com:pf:authn-selection">
    <urn:AuthnSelectionTrees>
        <urn:AuthnSelectionTree treeName="MFARequested" disabled="false">
            <urn:AstRoot context="">
                <urn:AstAction authnSelectorId="AuthNCtxSel" xsi:type="urn:AuthnSelectorActionType" xmlns:xsi="http://www.w3.org/2001/XMLSchema-instance"/>
                <urn:AstChild context="MFA">
                    <urn:AstAction xsi:type="urn:AuthnSourceActionType" xmlns:xsi="http://www.w3.org/2001/XMLSchema-instance">
                        <urn:AuthnSourceKey type="ADAPTER">2FA</urn:AuthnSourceKey>
                        <urn:fallbackToSuccess>true</urn:fallbackToSuccess>
                    </urn:AstAction>
                    <urn:AstChild context="Fail">
                        <urn:AstAction noOpType="DONE" xsi:type="urn:NoOpActionType" xmlns:xsi="http://www.w3.org/2001/XMLSchema-instance"/>
                    </urn:AstChild>
                    <urn:AstChild context="Success">
                        <urn:AstAction lipId="tkuSxWznL8J6VVzG" xsi:type="urn:LocalIdentityMappingActionType" xmlns:xsi="http://www.w3.org/2001/XMLSchema-instance">
                            <urn:InboundAttributeMapping>
                                <urn1:AttributeMap Name="pf.local.identity.unique.id" Type="Adapter" AttributeSourceId="2FA" Value="username" xmlns:urn1="urn:sourceid.org:saml2:metadata-extension:v2"/>
                                <urn1:AttributeMap Name="consent" Type="Text" Value=" Yes" xmlns:urn1="urn:sourceid.org:saml2:metadata-extension:v2"/>
                                <urn1:TokenAuthorizationIssuanceCriteria xmlns:urn1="urn:sourceid.org:saml2:metadata-extension:v2"/>
                            </urn:InboundAttributeMapping>
                            <urn:OutboundAttributeMapping>
                                <urn1:AttributeMap Name="entryUUID" Type="Local Account" AttributeSourceId="tkuSxWznL8J6VVzG" Value="entryUUID" xmlns:urn1="urn:sourceid.org:saml2:metadata-extension:v2"/>
                                <urn1:AttributeMap Name="mail" Type="Local Account" AttributeSourceId="tkuSxWznL8J6VVzG" Value="mail" xmlns:urn1="urn:sourceid.org:saml2:metadata-extension:v2"/>
                                <urn1:AttributeMap Name="subject" Type="Local Account" AttributeSourceId="tkuSxWznL8J6VVzG" Value="username" xmlns:urn1="urn:sourceid.org:saml2:metadata-extension:v2"/>
                                <urn1:AttributeMap Name="givenName" Type="Local Account" AttributeSourceId="tkuSxWznL8J6VVzG" Value="givenName" xmlns:urn1="urn:sourceid.org:saml2:metadata-extension:v2"/>
                                <urn1:AttributeMap Name="mobile" Type="Local Account" AttributeSourceId="tkuSxWznL8J6VVzG" Value="mobile" xmlns:urn1="urn:sourceid.org:saml2:metadata-extension:v2"/>
                                <urn1:AttributeMap Name="isMemberOf" Type="Local Account" AttributeSourceId="tkuSxWznL8J6VVzG" Value="isMemberOf" xmlns:urn1="urn:sourceid.org:saml2:metadata-extension:v2"/>
                                <urn1:AttributeMap Name="cn" Type="Local Account" AttributeSourceId="tkuSxWznL8J6VVzG" Value="username" xmlns:urn1="urn:sourceid.org:saml2:metadata-extension:v2"/>
                                <urn1:AttributeMap Name="sn" Type="Local Account" AttributeSourceId="tkuSxWznL8J6VVzG" Value="sn" xmlns:urn1="urn:sourceid.org:saml2:metadata-extension:v2"/>
                                <urn1:AttributeMap Name="consent" Type="Local Account" AttributeSourceId="tkuSxWznL8J6VVzG" Value="consent" xmlns:urn1="urn:sourceid.org:saml2:metadata-extension:v2"/>
                                <urn1:TokenAuthorizationIssuanceCriteria xmlns:urn1="urn:sourceid.org:saml2:metadata-extension:v2"/>
                            </urn:OutboundAttributeMapping>
                        </urn:AstAction>
                    </urn:AstChild>
                </urn:AstChild>
            </urn:AstRoot>
        </urn:AuthnSelectionTree>
        <urn:AuthnSelectionTree treeName="TestPolicy" disabled="false">
            <urn:AstRoot context="">
                <urn:AstAction authnSelectorId="2FASelector" xsi:type="urn:AuthnSelectorActionType" xmlns:xsi="http://www.w3.org/2001/XMLSchema-instance"/>
                <urn:AstChild context="No">
                    <urn:AstAction xsi:type="urn:AuthnSourceActionType" xmlns:xsi="http://www.w3.org/2001/XMLSchema-instance">
                        <urn:AuthnSourceKey type="ADAPTER">HTMLPingDir</urn:AuthnSourceKey>
                        <urn:fallbackToSuccess>true</urn:fallbackToSuccess>
                        <urn:attributeRule>
                            <urn:IncomingAttr>policy.action</urn:IncomingAttr>
                            <urn:Operand>EQUALS</urn:Operand>
                            <urn:ExpectedValue>Google</urn:ExpectedValue>
                            <urn:Result>Google</urn:Result>
                        </urn:attributeRule>
                        <urn:attributeRule>
                            <urn:IncomingAttr>policy.action</urn:IncomingAttr>
                            <urn:Operand>EQUALS</urn:Operand>
                            <urn:ExpectedValue>identity.registration</urn:ExpectedValue>
                            <urn:Result>Registration</urn:Result>
                        </urn:attributeRule>
                    </urn:AstAction>
                    <urn:AstChild context="Fail">
                        <urn:AstAction noOpType="DONE" xsi:type="urn:NoOpActionType" xmlns:xsi="http://www.w3.org/2001/XMLSchema-instance"/>
                    </urn:AstChild>
                    <urn:AstChild context="Google">
                        <urn:AstAction xsi:type="urn:AuthnSourceActionType" xmlns:xsi="http://www.w3.org/2001/XMLSchema-instance">
                            <urn:AuthnSourceKey type="ADAPTER">Google</urn:AuthnSourceKey>
                            <urn:fallbackToSuccess>true</urn:fallbackToSuccess>
                        </urn:AstAction>
                        <urn:AstChild context="Fail">
                            <urn:AstAction noOpType="DONE" xsi:type="urn:NoOpActionType" xmlns:xsi="http://www.w3.org/2001/XMLSchema-instance"/>
                        </urn:AstChild>
                        <urn:AstChild context="Success">
                            <urn:AstAction xsi:type="urn:AuthnSourceActionType" xmlns:xsi="http://www.w3.org/2001/XMLSchema-instance">
                                <urn:AuthnSourceKey type="ADAPTER">Consent</urn:AuthnSourceKey>
                                <urn:fallbackToSuccess>true</urn:fallbackToSuccess>
                                <urn:InputIdMapping Type="Adapter" AttributeSourceId="Google" Value="sub"/>
                            </urn:AstAction>
                            <urn:AstChild context="Fail">
                                <urn:AstAction noOpType="DONE" xsi:type="urn:NoOpActionType" xmlns:xsi="http://www.w3.org/2001/XMLSchema-instance"/>
                            </urn:AstChild>
                            <urn:AstChild context="Success">
                                <urn:AstAction lipId="tkuSxWznL8J6VVzG" xsi:type="urn:LocalIdentityMappingActionType" xmlns:xsi="http://www.w3.org/2001/XMLSchema-instance">
                                    <urn:InboundAttributeMapping>
                                        <urn1:AttributeMap Name="mail" Type="Adapter" AttributeSourceId="Google" Value="email" xmlns:urn1="urn:sourceid.org:saml2:metadata-extension:v2"/>
                                        <urn1:AttributeMap Name="givenName" Type="Adapter" AttributeSourceId="Google" Value="given_name" xmlns:urn1="urn:sourceid.org:saml2:metadata-extension:v2"/>
                                        <urn1:AttributeMap Name="pf.local.identity.unique.id" Type="Adapter" AttributeSourceId="Google" Value="sub" xmlns:urn1="urn:sourceid.org:saml2:metadata-extension:v2"/>
                                        <urn1:AttributeMap Name="sn" Type="Adapter" AttributeSourceId="Google" Value="family_name" xmlns:urn1="urn:sourceid.org:saml2:metadata-extension:v2"/>
                                        <urn1:AttributeMap Name="consent" Type="Adapter" AttributeSourceId="Consent" Value="username" xmlns:urn1="urn:sourceid.org:saml2:metadata-extension:v2"/>
                                        <urn1:AttributeMap Name="username" Type="Expression" Value="#value=#this.get(&quot;ad.Google.email&quot;).toString(),#result=#value.substring(0, #value.indexOf(&quot;@&quot;))" xmlns:urn1="urn:sourceid.org:saml2:metadata-extension:v2"/>
                                        <urn1:TokenAuthorizationIssuanceCriteria xmlns:urn1="urn:sourceid.org:saml2:metadata-extension:v2"/>
                                    </urn:InboundAttributeMapping>
                                    <urn:OutboundAttributeMapping>
                                        <urn1:AttributeMap Name="entryUUID" Type="Local Account" AttributeSourceId="tkuSxWznL8J6VVzG" Value="entryUUID" xmlns:urn1="urn:sourceid.org:saml2:metadata-extension:v2"/>
                                        <urn1:AttributeMap Name="mail" Type="Local Account" AttributeSourceId="tkuSxWznL8J6VVzG" Value="mail" xmlns:urn1="urn:sourceid.org:saml2:metadata-extension:v2"/>
                                        <urn1:AttributeMap Name="subject" Type="Local Account" AttributeSourceId="tkuSxWznL8J6VVzG" Value="username" xmlns:urn1="urn:sourceid.org:saml2:metadata-extension:v2"/>
                                        <urn1:AttributeMap Name="givenName" Type="Local Account" AttributeSourceId="tkuSxWznL8J6VVzG" Value="givenName" xmlns:urn1="urn:sourceid.org:saml2:metadata-extension:v2"/>
                                        <urn1:AttributeMap Name="mobile" Type="Local Account" AttributeSourceId="tkuSxWznL8J6VVzG" Value="mobile" xmlns:urn1="urn:sourceid.org:saml2:metadata-extension:v2"/>
                                        <urn1:AttributeMap Name="isMemberOf" Type="Local Account" AttributeSourceId="tkuSxWznL8J6VVzG" Value="isMemberOf" xmlns:urn1="urn:sourceid.org:saml2:metadata-extension:v2"/>
                                        <urn1:AttributeMap Name="cn" Type="Local Account" AttributeSourceId="tkuSxWznL8J6VVzG" Value="username" xmlns:urn1="urn:sourceid.org:saml2:metadata-extension:v2"/>
                                        <urn1:AttributeMap Name="sn" Type="Local Account" AttributeSourceId="tkuSxWznL8J6VVzG" Value="sn" xmlns:urn1="urn:sourceid.org:saml2:metadata-extension:v2"/>
                                        <urn1:AttributeMap Name="consent" Type="Local Account" AttributeSourceId="tkuSxWznL8J6VVzG" Value="consent" xmlns:urn1="urn:sourceid.org:saml2:metadata-extension:v2"/>
                                        <urn1:TokenAuthorizationIssuanceCriteria xmlns:urn1="urn:sourceid.org:saml2:metadata-extension:v2"/>
                                    </urn:OutboundAttributeMapping>
                                </urn:AstAction>
                            </urn:AstChild>
                        </urn:AstChild>
                    </urn:AstChild>
                    <urn:AstChild context="Registration">
                        <urn:AstAction xsi:type="urn:AuthnSourceActionType" xmlns:xsi="http://www.w3.org/2001/XMLSchema-instance">
                            <urn:AuthnSourceKey type="ADAPTER">Consent</urn:AuthnSourceKey>
                            <urn:fallbackToSuccess>true</urn:fallbackToSuccess>
                        </urn:AstAction>
                        <urn:AstChild context="Fail">
                            <urn:AstAction noOpType="DONE" xsi:type="urn:NoOpActionType" xmlns:xsi="http://www.w3.org/2001/XMLSchema-instance"/>
                        </urn:AstChild>
                        <urn:AstChild context="Success">
                            <urn:AstAction lipId="tkuSxWznL8J6VVzG" xsi:type="urn:LocalIdentityMappingActionType" xmlns:xsi="http://www.w3.org/2001/XMLSchema-instance">
                                <urn:InboundAttributeMapping>
                                    <urn1:AttributeMap Name="consent" Type="Adapter" AttributeSourceId="Consent" Value="consent" xmlns:urn1="urn:sourceid.org:saml2:metadata-extension:v2"/>
                                    <urn1:TokenAuthorizationIssuanceCriteria xmlns:urn1="urn:sourceid.org:saml2:metadata-extension:v2"/>
                                </urn:InboundAttributeMapping>
                                <urn:OutboundAttributeMapping>
                                    <urn1:AttributeMap Name="entryUUID" Type="Local Account" AttributeSourceId="tkuSxWznL8J6VVzG" Value="entryUUID" xmlns:urn1="urn:sourceid.org:saml2:metadata-extension:v2"/>
                                    <urn1:AttributeMap Name="mail" Type="Local Account" AttributeSourceId="tkuSxWznL8J6VVzG" Value="mail" xmlns:urn1="urn:sourceid.org:saml2:metadata-extension:v2"/>
                                    <urn1:AttributeMap Name="subject" Type="Local Account" AttributeSourceId="tkuSxWznL8J6VVzG" Value="username" xmlns:urn1="urn:sourceid.org:saml2:metadata-extension:v2"/>
                                    <urn1:AttributeMap Name="givenName" Type="Local Account" AttributeSourceId="tkuSxWznL8J6VVzG" Value="givenName" xmlns:urn1="urn:sourceid.org:saml2:metadata-extension:v2"/>
                                    <urn1:AttributeMap Name="mobile" Type="Local Account" AttributeSourceId="tkuSxWznL8J6VVzG" Value="mobile" xmlns:urn1="urn:sourceid.org:saml2:metadata-extension:v2"/>
                                    <urn1:AttributeMap Name="isMemberOf" Type="Local Account" AttributeSourceId="tkuSxWznL8J6VVzG" Value="isMemberOf" xmlns:urn1="urn:sourceid.org:saml2:metadata-extension:v2"/>
                                    <urn1:AttributeMap Name="cn" Type="Local Account" AttributeSourceId="tkuSxWznL8J6VVzG" Value="username" xmlns:urn1="urn:sourceid.org:saml2:metadata-extension:v2"/>
                                    <urn1:AttributeMap Name="sn" Type="Local Account" AttributeSourceId="tkuSxWznL8J6VVzG" Value="sn" xmlns:urn1="urn:sourceid.org:saml2:metadata-extension:v2"/>
                                    <urn1:AttributeMap Name="consent" Type="Local Account" AttributeSourceId="tkuSxWznL8J6VVzG" Value="consent" xmlns:urn1="urn:sourceid.org:saml2:metadata-extension:v2"/>
                                    <urn1:TokenAuthorizationIssuanceCriteria xmlns:urn1="urn:sourceid.org:saml2:metadata-extension:v2"/>
                                </urn:OutboundAttributeMapping>
                            </urn:AstAction>
                        </urn:AstChild>
                    </urn:AstChild>
                    <urn:AstChild context="Success">
                        <urn:AstAction xsi:type="urn:AuthnSourceActionType" xmlns:xsi="http://www.w3.org/2001/XMLSchema-instance">
                            <urn:AuthnSourceKey type="ADAPTER">Consent</urn:AuthnSourceKey>
                            <urn:fallbackToSuccess>true</urn:fallbackToSuccess>
                            <urn:InputIdMapping Type="Adapter" AttributeSourceId="HTMLPingDir" Value="username"/>
                        </urn:AstAction>
                        <urn:AstChild context="Fail">
                            <urn:AstAction noOpType="DONE" xsi:type="urn:NoOpActionType" xmlns:xsi="http://www.w3.org/2001/XMLSchema-instance"/>
                        </urn:AstChild>
                        <urn:AstChild context="Success">
                            <urn:AstAction lipId="tkuSxWznL8J6VVzG" xsi:type="urn:LocalIdentityMappingActionType" xmlns:xsi="http://www.w3.org/2001/XMLSchema-instance">
                                <urn:InboundAttributeMapping>
                                    <urn1:AttributeMap Name="pf.local.identity.unique.id" Type="Adapter" AttributeSourceId="HTMLPingDir" Value="username" xmlns:urn1="urn:sourceid.org:saml2:metadata-extension:v2"/>
                                    <urn1:AttributeMap Name="consent" Type="Adapter" AttributeSourceId="Consent" Value="username" xmlns:urn1="urn:sourceid.org:saml2:metadata-extension:v2"/>
                                    <urn1:TokenAuthorizationIssuanceCriteria xmlns:urn1="urn:sourceid.org:saml2:metadata-extension:v2"/>
                                </urn:InboundAttributeMapping>
                                <urn:OutboundAttributeMapping>
                                    <urn1:AttributeMap Name="entryUUID" Type="Local Account" AttributeSourceId="tkuSxWznL8J6VVzG" Value="entryUUID" xmlns:urn1="urn:sourceid.org:saml2:metadata-extension:v2"/>
                                    <urn1:AttributeMap Name="mail" Type="Local Account" AttributeSourceId="tkuSxWznL8J6VVzG" Value="mail" xmlns:urn1="urn:sourceid.org:saml2:metadata-extension:v2"/>
                                    <urn1:AttributeMap Name="subject" Type="Local Account" AttributeSourceId="tkuSxWznL8J6VVzG" Value="username" xmlns:urn1="urn:sourceid.org:saml2:metadata-extension:v2"/>
                                    <urn1:AttributeMap Name="givenName" Type="Local Account" AttributeSourceId="tkuSxWznL8J6VVzG" Value="givenName" xmlns:urn1="urn:sourceid.org:saml2:metadata-extension:v2"/>
                                    <urn1:AttributeMap Name="mobile" Type="Local Account" AttributeSourceId="tkuSxWznL8J6VVzG" Value="mobile" xmlns:urn1="urn:sourceid.org:saml2:metadata-extension:v2"/>
                                    <urn1:AttributeMap Name="isMemberOf" Type="Local Account" AttributeSourceId="tkuSxWznL8J6VVzG" Value="isMemberOf" xmlns:urn1="urn:sourceid.org:saml2:metadata-extension:v2"/>
                                    <urn1:AttributeMap Name="cn" Type="Local Account" AttributeSourceId="tkuSxWznL8J6VVzG" Value="username" xmlns:urn1="urn:sourceid.org:saml2:metadata-extension:v2"/>
                                    <urn1:AttributeMap Name="sn" Type="Local Account" AttributeSourceId="tkuSxWznL8J6VVzG" Value="sn" xmlns:urn1="urn:sourceid.org:saml2:metadata-extension:v2"/>
                                    <urn1:AttributeMap Name="consent" Type="Local Account" AttributeSourceId="tkuSxWznL8J6VVzG" Value="consent" xmlns:urn1="urn:sourceid.org:saml2:metadata-extension:v2"/>
                                    <urn1:TokenAuthorizationIssuanceCriteria xmlns:urn1="urn:sourceid.org:saml2:metadata-extension:v2"/>
                                </urn:OutboundAttributeMapping>
                            </urn:AstAction>
                        </urn:AstChild>
                    </urn:AstChild>
                </urn:AstChild>
                <urn:AstChild context="Yes">
                    <urn:AstAction noOpType="CONTINUE" xsi:type="urn:NoOpActionType" xmlns:xsi="http://www.w3.org/2001/XMLSchema-instance"/>
                </urn:AstChild>
            </urn:AstRoot>
        </urn:AuthnSelectionTree>
        <urn:AuthnSelectionTree treeName="DefaultPolicy" disabled="false">
            <urn:AstRoot context="">
                <urn:AstAction authnSelectorId="2FASelector" xsi:type="urn:AuthnSelectorActionType" xmlns:xsi="http://www.w3.org/2001/XMLSchema-instance"/>
                <urn:AstChild context="No">
                    <urn:AstAction xsi:type="urn:AuthnSourceActionType" xmlns:xsi="http://www.w3.org/2001/XMLSchema-instance">
                        <urn:AuthnSourceKey type="ADAPTER">HTMLPingDir</urn:AuthnSourceKey>
                        <urn:fallbackToSuccess>true</urn:fallbackToSuccess>
                        <urn:attributeRule>
                            <urn:IncomingAttr>policy.action</urn:IncomingAttr>
                            <urn:Operand>EQUALS</urn:Operand>
                            <urn:ExpectedValue>Google</urn:ExpectedValue>
                            <urn:Result>Google</urn:Result>
                        </urn:attributeRule>
                    </urn:AstAction>
                    <urn:AstChild context="Fail">
                        <urn:AstAction noOpType="DONE" xsi:type="urn:NoOpActionType" xmlns:xsi="http://www.w3.org/2001/XMLSchema-instance"/>
                    </urn:AstChild>
                    <urn:AstChild context="Google">
                        <urn:AstAction xsi:type="urn:AuthnSourceActionType" xmlns:xsi="http://www.w3.org/2001/XMLSchema-instance">
                            <urn:AuthnSourceKey type="ADAPTER">Google</urn:AuthnSourceKey>
                            <urn:fallbackToSuccess>true</urn:fallbackToSuccess>
                        </urn:AstAction>
                        <urn:AstChild context="Fail">
                            <urn:AstAction noOpType="DONE" xsi:type="urn:NoOpActionType" xmlns:xsi="http://www.w3.org/2001/XMLSchema-instance"/>
                        </urn:AstChild>
                        <urn:AstChild context="Success">
                            <urn:AstAction lipId="tkuSxWznL8J6VVzG" xsi:type="urn:LocalIdentityMappingActionType" xmlns:xsi="http://www.w3.org/2001/XMLSchema-instance">
                                <urn:InboundAttributeMapping>
                                    <urn1:AttributeMap Name="mail" Type="Adapter" AttributeSourceId="Google" Value="email" xmlns:urn1="urn:sourceid.org:saml2:metadata-extension:v2"/>
                                    <urn1:AttributeMap Name="givenName" Type="Adapter" AttributeSourceId="Google" Value="given_name" xmlns:urn1="urn:sourceid.org:saml2:metadata-extension:v2"/>
                                    <urn1:AttributeMap Name="pf.local.identity.unique.id" Type="Adapter" AttributeSourceId="Google" Value="sub" xmlns:urn1="urn:sourceid.org:saml2:metadata-extension:v2"/>
                                    <urn1:AttributeMap Name="sn" Type="Adapter" AttributeSourceId="Google" Value="family_name" xmlns:urn1="urn:sourceid.org:saml2:metadata-extension:v2"/>
                                    <urn1:AttributeMap Name="username" Type="Expression" Value="#value=#this.get(&quot;ad.Google.email&quot;).toString(),#result=#value.substring(0, #value.indexOf(&quot;@&quot;))" xmlns:urn1="urn:sourceid.org:saml2:metadata-extension:v2"/>
                                    <urn1:TokenAuthorizationIssuanceCriteria xmlns:urn1="urn:sourceid.org:saml2:metadata-extension:v2"/>
                                </urn:InboundAttributeMapping>
                                <urn:OutboundAttributeMapping>
                                    <urn1:AttributeMap Name="entryUUID" Type="Local Account" AttributeSourceId="tkuSxWznL8J6VVzG" Value="entryUUID" xmlns:urn1="urn:sourceid.org:saml2:metadata-extension:v2"/>
                                    <urn1:AttributeMap Name="mail" Type="Local Account" AttributeSourceId="tkuSxWznL8J6VVzG" Value="mail" xmlns:urn1="urn:sourceid.org:saml2:metadata-extension:v2"/>
                                    <urn1:AttributeMap Name="subject" Type="Local Account" AttributeSourceId="tkuSxWznL8J6VVzG" Value="username" xmlns:urn1="urn:sourceid.org:saml2:metadata-extension:v2"/>
                                    <urn1:AttributeMap Name="givenName" Type="Local Account" AttributeSourceId="tkuSxWznL8J6VVzG" Value="givenName" xmlns:urn1="urn:sourceid.org:saml2:metadata-extension:v2"/>
                                    <urn1:AttributeMap Name="mobile" Type="Local Account" AttributeSourceId="tkuSxWznL8J6VVzG" Value="mobile" xmlns:urn1="urn:sourceid.org:saml2:metadata-extension:v2"/>
                                    <urn1:AttributeMap Name="isMemberOf" Type="Local Account" AttributeSourceId="tkuSxWznL8J6VVzG" Value="isMemberOf" xmlns:urn1="urn:sourceid.org:saml2:metadata-extension:v2"/>
                                    <urn1:AttributeMap Name="cn" Type="Local Account" AttributeSourceId="tkuSxWznL8J6VVzG" Value="username" xmlns:urn1="urn:sourceid.org:saml2:metadata-extension:v2"/>
                                    <urn1:AttributeMap Name="sn" Type="Local Account" AttributeSourceId="tkuSxWznL8J6VVzG" Value="sn" xmlns:urn1="urn:sourceid.org:saml2:metadata-extension:v2"/>
                                    <urn1:AttributeMap Name="consent" Type="Local Account" AttributeSourceId="tkuSxWznL8J6VVzG" Value="consent" xmlns:urn1="urn:sourceid.org:saml2:metadata-extension:v2"/>
                                    <urn1:TokenAuthorizationIssuanceCriteria xmlns:urn1="urn:sourceid.org:saml2:metadata-extension:v2"/>
                                </urn:OutboundAttributeMapping>
                            </urn:AstAction>
                        </urn:AstChild>
                    </urn:AstChild>
                    <urn:AstChild context="Success">
                        <urn:AstAction lipId="tkuSxWznL8J6VVzG" xsi:type="urn:LocalIdentityMappingActionType" xmlns:xsi="http://www.w3.org/2001/XMLSchema-instance">
                            <urn:InboundAttributeMapping>
                                <urn1:AttributeMap Name="pf.local.identity.unique.id" Type="Adapter" AttributeSourceId="HTMLPingDir" Value="username" xmlns:urn1="urn:sourceid.org:saml2:metadata-extension:v2"/>
                                <urn1:TokenAuthorizationIssuanceCriteria xmlns:urn1="urn:sourceid.org:saml2:metadata-extension:v2"/>
                            </urn:InboundAttributeMapping>
                            <urn:OutboundAttributeMapping>
                                <urn1:AttributeMap Name="entryUUID" Type="Local Account" AttributeSourceId="tkuSxWznL8J6VVzG" Value="entryUUID" xmlns:urn1="urn:sourceid.org:saml2:metadata-extension:v2"/>
                                <urn1:AttributeMap Name="mail" Type="Local Account" AttributeSourceId="tkuSxWznL8J6VVzG" Value="mail" xmlns:urn1="urn:sourceid.org:saml2:metadata-extension:v2"/>
                                <urn1:AttributeMap Name="subject" Type="Local Account" AttributeSourceId="tkuSxWznL8J6VVzG" Value="username" xmlns:urn1="urn:sourceid.org:saml2:metadata-extension:v2"/>
                                <urn1:AttributeMap Name="givenName" Type="Local Account" AttributeSourceId="tkuSxWznL8J6VVzG" Value="givenName" xmlns:urn1="urn:sourceid.org:saml2:metadata-extension:v2"/>
                                <urn1:AttributeMap Name="mobile" Type="Local Account" AttributeSourceId="tkuSxWznL8J6VVzG" Value="mobile" xmlns:urn1="urn:sourceid.org:saml2:metadata-extension:v2"/>
                                <urn1:AttributeMap Name="isMemberOf" Type="Local Account" AttributeSourceId="tkuSxWznL8J6VVzG" Value="isMemberOf" xmlns:urn1="urn:sourceid.org:saml2:metadata-extension:v2"/>
                                <urn1:AttributeMap Name="cn" Type="Local Account" AttributeSourceId="tkuSxWznL8J6VVzG" Value="username" xmlns:urn1="urn:sourceid.org:saml2:metadata-extension:v2"/>
                                <urn1:AttributeMap Name="sn" Type="Local Account" AttributeSourceId="tkuSxWznL8J6VVzG" Value="sn" xmlns:urn1="urn:sourceid.org:saml2:metadata-extension:v2"/>
                                <urn1:AttributeMap Name="consent" Type="Local Account" AttributeSourceId="tkuSxWznL8J6VVzG" Value="consent" xmlns:urn1="urn:sourceid.org:saml2:metadata-extension:v2"/>
                                <urn1:TokenAuthorizationIssuanceCriteria xmlns:urn1="urn:sourceid.org:saml2:metadata-extension:v2"/>
                            </urn:OutboundAttributeMapping>
                        </urn:AstAction>
                    </urn:AstChild>
                </urn:AstChild>
                <urn:AstChild context="Yes">
                    <urn:AstAction xsi:type="urn:AuthnSourceActionType" xmlns:xsi="http://www.w3.org/2001/XMLSchema-instance">
                        <urn:AuthnSourceKey type="ADAPTER">2FA</urn:AuthnSourceKey>
                        <urn:fallbackToSuccess>true</urn:fallbackToSuccess>
                    </urn:AstAction>
                    <urn:AstChild context="Fail">
                        <urn:AstAction noOpType="DONE" xsi:type="urn:NoOpActionType" xmlns:xsi="http://www.w3.org/2001/XMLSchema-instance"/>
                    </urn:AstChild>
                    <urn:AstChild context="Success">
                        <urn:AstAction lipId="tkuSxWznL8J6VVzG" xsi:type="urn:LocalIdentityMappingActionType" xmlns:xsi="http://www.w3.org/2001/XMLSchema-instance">
                            <urn:InboundAttributeMapping>
                                <urn1:AttributeMap Name="pf.local.identity.unique.id" Type="Adapter" AttributeSourceId="2FA" Value="username" xmlns:urn1="urn:sourceid.org:saml2:metadata-extension:v2"/>
                                <urn1:TokenAuthorizationIssuanceCriteria xmlns:urn1="urn:sourceid.org:saml2:metadata-extension:v2"/>
                            </urn:InboundAttributeMapping>
                            <urn:OutboundAttributeMapping>
                                <urn1:AttributeMap Name="entryUUID" Type="Local Account" AttributeSourceId="tkuSxWznL8J6VVzG" Value="entryUUID" xmlns:urn1="urn:sourceid.org:saml2:metadata-extension:v2"/>
                                <urn1:AttributeMap Name="mail" Type="Local Account" AttributeSourceId="tkuSxWznL8J6VVzG" Value="mail" xmlns:urn1="urn:sourceid.org:saml2:metadata-extension:v2"/>
                                <urn1:AttributeMap Name="subject" Type="Local Account" AttributeSourceId="tkuSxWznL8J6VVzG" Value="username" xmlns:urn1="urn:sourceid.org:saml2:metadata-extension:v2"/>
                                <urn1:AttributeMap Name="givenName" Type="Local Account" AttributeSourceId="tkuSxWznL8J6VVzG" Value="givenName" xmlns:urn1="urn:sourceid.org:saml2:metadata-extension:v2"/>
                                <urn1:AttributeMap Name="mobile" Type="Local Account" AttributeSourceId="tkuSxWznL8J6VVzG" Value="mobile" xmlns:urn1="urn:sourceid.org:saml2:metadata-extension:v2"/>
                                <urn1:AttributeMap Name="isMemberOf" Type="Local Account" AttributeSourceId="tkuSxWznL8J6VVzG" Value="isMemberOf" xmlns:urn1="urn:sourceid.org:saml2:metadata-extension:v2"/>
                                <urn1:AttributeMap Name="cn" Type="Local Account" AttributeSourceId="tkuSxWznL8J6VVzG" Value="username" xmlns:urn1="urn:sourceid.org:saml2:metadata-extension:v2"/>
                                <urn1:AttributeMap Name="sn" Type="Local Account" AttributeSourceId="tkuSxWznL8J6VVzG" Value="sn" xmlns:urn1="urn:sourceid.org:saml2:metadata-extension:v2"/>
                                <urn1:AttributeMap Name="consent" Type="Local Account" AttributeSourceId="tkuSxWznL8J6VVzG" Value="consent" xmlns:urn1="urn:sourceid.org:saml2:metadata-extension:v2"/>
                                <urn1:TokenAuthorizationIssuanceCriteria xmlns:urn1="urn:sourceid.org:saml2:metadata-extension:v2"/>
                            </urn:OutboundAttributeMapping>
                        </urn:AstAction>
                    </urn:AstChild>
                </urn:AstChild>
            </urn:AstRoot>
        </urn:AuthnSelectionTree>
    </urn:AuthnSelectionTrees>
    <urn:DefaultAuthnSources/>
</urn:AuthnSelectionConfig>