<?xml version="1.0" encoding="UTF-8"?>
<adm:administrative-users xmlns:adm="http://pingidentity.com/2006/01/admin-users">
    <adm:user>
        <adm:user-name>Administrator</adm:user-name>
        <adm:salt/>
        <adm:hash>rVm5z3i_6dz5Jumo_fkbbOFLBi5sGpETSiWhT8sLCNE.JZ7TdSqm.2</adm:hash>
        <adm:phone-number/>
        <adm:email-address/>
        <adm:department/>
        <adm:description/>
        <adm:admin-manager>true</adm:admin-manager>
        <adm:admin>true</adm:admin>
        <adm:crypto-manager>true</adm:crypto-manager>
        <adm:auditor>false</adm:auditor>
        <adm:active>true</adm:active>
        <adm:password-change-required>false</adm:password-change-required>
    </adm:user>
</adm:administrative-users>