<?xml version="1.0" encoding="UTF-8"?>
<urn:PluginConfiguration isInheritExtendedContractAttributes="false" name="UserPass" xmlns:urn="urn:sourceid.org:saml2:adapter:conf">
    <urn:Fields/>
    <urn:AdvancedFields/>
    <urn:Tables>
        <urn:Table name="Users">
            <urn:Row>
                <urn:Field name="Username">joe</urn:Field>
                <urn:Field name="Password">tJB-LoFU-6ysUmyQC6H-ZEg4bBe2aBBEVbBWD3E3pvU.uconclSn.2</urn:Field>
                <urn:Field name="Confirm Password">szg6q6IwfPiLagcR3rDbKVuFgPD1wCNhGQclucTfz_k.X-XXr1fN.2</urn:Field>
            </urn:Row>
            <urn:Row>
                <urn:Field name="Username">sarah</urn:Field>
                <urn:Field name="Password">4kv4wUZVALPMDatwlcsQqD1ImJJyss5f2FWSZQNF6fw.LXHG9Zp7.2</urn:Field>
                <urn:Field name="Confirm Password">bB69IwX4xZm6WFGpLaDDwhZ9bodJWcBzRd_7W0115gk.auD5pTIV.2</urn:Field>
            </urn:Row>
            <urn:Row>
                <urn:Field name="Username">scott</urn:Field>
                <urn:Field name="Password">uy11oCHBAhEszAb-86ojVmMzcCXqcTHG49y9VSRQTbc.HLBDTCdR.2</urn:Field>
                <urn:Field name="Confirm Password">DOMBYqBR7isL3VqpwR7-8eTjQLJw6PTnh0tb-Sh_ptw.erby5oJY.2</urn:Field>
            </urn:Row>
            <urn:Row>
                <urn:Field name="Username">jmichel</urn:Field>
                <urn:Field name="Password">AckHrJ8qnS6pRms_uRXWe80SH78MaRgeP6XDyyH_BSM.7ly5Bu2V.2</urn:Field>
                <urn:Field name="Confirm Password">J83798ATtZMV58dLmg7J1fWg-C9LXXGwvRsRTX4-M8E.PD_JV5sI.2</urn:Field>
            </urn:Row>
        </urn:Table>
    </urn:Tables>
</urn:PluginConfiguration>