<?xml version="1.0" encoding="UTF-8"?>
<urn:PluginConfiguration isInheritExtendedContractAttributes="false" name="UserPass" xmlns:urn="urn:sourceid.org:saml2:adapter:conf">
    <urn:Fields/>
    <urn:AdvancedFields/>
    <urn:Tables>
        <urn:Table name="Users">
            <urn:Row>
                <urn:Field name="Username">joe</urn:Field>
                <urn:Field name="Password">YmwIuAn5Zoes5CELPRDptWlJqTJs6UiAF7D1bF-EY_w.eOKASH6u.2</urn:Field>
                <urn:Field name="Confirm Password">Mf_mUXN_6NjRa2pF8X-6HJwseDvqMjmz0GSSCKm1Jtk.xlBanvvd.2</urn:Field>
            </urn:Row>
            <urn:Row>
                <urn:Field name="Username">sarah</urn:Field>
                <urn:Field name="Password">KDkjaGwTQ-oyx-35GQzKULzMEj4EULsypiCOoMPdfb0.20jMUWiH.2</urn:Field>
                <urn:Field name="Confirm Password">vFUrDTQX8FKfttHk3jxqL1O9ET3Z9LxPgapgf3BjUAQ.EwAw4Q7X.2</urn:Field>
            </urn:Row>
            <urn:Row>
                <urn:Field name="Username">scott</urn:Field>
                <urn:Field name="Password">p7gyYu73aljgcuzArq97y0rEb365P35KKnFe_-PnenU.Sels7sHt.2</urn:Field>
                <urn:Field name="Confirm Password">NaYA_KVgo88jpXU6DNKlE97VYuropUKJIGUi83SfOVQ.x_wxIN8f.2</urn:Field>
            </urn:Row>
        </urn:Table>
    </urn:Tables>
</urn:PluginConfiguration>